{"K": [[605.9547119140625, 0.0, 320.0], [0.0, 605.006591796875, 240.0], [0.0, 0.0, 1.0]], "resolution": [480, 640]}
