{
  "1": {
    "diameter": 367.80,
    "min_x": -131.67123413,
    "min_y": -77.14368439,
    "min_z": -28.96229744,
    "size_x": 289.47735596,
    "size_y": 182.14871979,
    "size_z": 108.46509743 
  }
}
